S#,Title,Date,Age,Fatalities,Injured,Total victims,Mental Health Issues,Race,Gender,Latitude,Longitude
1,Las Vegas Strip mass shooting,2017-10-01,64,58,527,585,Unclear,White,Male,36.181271,-115.134132
2,San Francisco UPS shooting,2017-06-14,38,3,2,5,Yes,Asian,Male,Unknown,Unknown
3,Pennsylvania supermarket shooting,2017-06-07,24,3,0,3,Unclear,White,Male,Unknown,Unknown
4,Florida awning manufacturer shooting,2017-06-05,45,5,0,5,Unclear,Unknown,Male,Unknown,Unknown
5,Rural Ohio nursing home shooting,2017-05-12,43,3,0,3,Yes,White,Male,Unknown,Unknown
6,Fresno downtown shooting,2017-04-18,39,3,0,3,Unclear,Black,Male,Unknown,Unknown
7,Fort Lauderdale airport shooting,2017-01-06,26,5,6,11,Yes,Latino,Male,Unknown,Unknown
8,Cascade Mall shooting,2016-09-23,20,5,0,5,Yes,Unknown,Male,Unknown,Unknown
9,Baton Rouge police shooting,2016-07-17,0,3,3,6,Yes,Black,Male,Unknown,Unknown
10,Dallas police shooting,2016-07-07,25,5,11,16,Unclear,Black,Male,Unknown,Unknown
11,Orlando nightclub massacre,2016-06-12,29,49,53,102,Unclear,Other,Male,Unknown,Unknown
12,"Ferguson, MO Drive by",2016-04-29,0,0,4,4,Unknown,Unknown,Unknown,38.744217,-90.305391
13,"Forestville, Maryland Drive-by",2016-04-26,0,1,4,5,Unknown,Unknown,Unknown,38.845113,-76.874972
14,"Halifax County, VA",2016-04-24,0,0,6,6,Unknown,Black American or African American,Male,36.765971,-78.928344
15,Tire-Slashing revenge escalation,2016-04-21,0,0,4,4,Unknown,Black American or African American,Male,39.290385,-76.612189
16,Chicago Rap video Shootout,2016-04-19,0,1,4,5,Unknown,Unknown,Unknown,41.878114,-87.629798
17,Texas family murder-suicide,2016-04-19,0,4,0,4,Unknown,White American or European American,Male,29.785785,-95.824396
18,Alabama highway random shooting,2016-04-19,0,1,4,4,Yes,White American or European American,Male,34.16204,-86.475543
19,Long Beach Street murder,2016-04-18,0,0,3,4,Unknown,Unknown,Unknown,33.77005,-118.193739
20,"Albuquerque, NM House party shooting",2016-04-09,0,0,4,4,Unknown,White American or European American,Male,35.085334,-106.605553
21,"Memphis, TN gas station shooting",2016-04-09,0,0,4,4,Unknown,Unknown,Unknown,35.149534,-90.04898
22,Chicago Birthday Party Bus Shooting,2016-04-07,0,0,5,5,Unknown,Unknown,Unknown,41.878114,-87.629798
23,"Albuquerque, NM Family restaurant shooting",2016-04-01,0,3,1,3,Unknown,Asian American,Male,35.085334,-106.605553
24,"Richmond, Virginia",2016-03-31,0,2,2,3,Unknown,Black American or African American,Male,37.540725,-77.436048
25,"Louisburg, North Carolina",2016-03-26,0,3,0,3,Unknown,Black American or African American,Male,36.099039,-78.301106
26,"Lawrenceburg, Tennessee",2016-03-25,0,2,2,3,Unknown,Unknown,Male,35.242302,-87.334739
27,"Greenhill, AL Family murder-suicide",2016-03-25,0,2,2,3,Yes,White American or European American,Male,34.759257,-86.602493
28,"Sherman, Texas Family Murder-Suicide",2016-03-21,0,4,0,3,Unknown,Unknown,Male,33.635662,-96.60888
29,"Louisville, KY Family Murder-Suicide",2016-03-20,0,4,0,3,Yes,White American or European American,Male,38.252665,-85.758456
30,"Plantation, Florida",2016-03-19,0,1,4,5,Unknown,Unknown,Unknown,26.127586,-80.233104
31,Wetumpka Drive-by,2016-03-19,0,2,2,4,Unknown,Black American or African American,Male,32.543745,-86.211913
32,Atlanta Nightclub shooting,2016-03-15,0,0,4,4,Unknown,Unknown,Unknown,33.748995,-84.387982
33,Florida Family celebration ends in shooting,2016-03-13,0,0,4,4,Unknown,Unknown,Unknown,26.640628,-81.872308
34,"Elberton, Georgia murder-suicide",2016-03-12,0,2,2,3,Unknown,Unknown,Male,34.111223,-82.867084
35,"Trenton, NJ sidewalk shooting",2016-03-11,0,0,5,5,Unknown,Unknown,Unknown,40.217053,-74.742938
36,Detroit Drive-by,2016-03-11,0,2,2,4,Unknown,Unknown,Unknown,42.331427,-83.045754
37,"Pittsburgh, Pennsylvania",2016-03-09,0,6,3,9,Unknown,Unknown,Male,40.440625,-79.995886
38,Wilkinsburg BBQ cookout shootout,2016-03-09,0,5,3,8,Unknown,Unknown,Male,40.441736,-79.881994
39,"Kansas City, Kansas",2016-03-07,0,5,0,5,Unknown,Some other race,Male,39.114053,-94.627464
40,"Lafayette, LA drive by",2016-03-07,0,0,4,4,Unknown,Unknown,Unknown,30.22409,-92.019843
41,Kansas City Home Invasion,2016-03-07,0,4,0,4,Unknown,Some other race,Male,39.114053,-94.627464
42,"Chelsea, MA empty apartment party shooting",2016-03-06,0,1,6,7,Unknown,Some other race,Male,42.391764,-71.032828
43,"Roswell, GA Hookah shootout",2016-03-06,0,0,4,4,Unknown,Black American or African American,Male,34.023243,-84.361556
44,Wichita Nightclub shooting,2016-03-05,0,0,4,4,Unknown,Unknown,Unknown,37.687176,-97.330053
45,Detroit Strip Club Shootout,2016-02-28,0,0,5,5,Unknown,Black American or African American,Male,42.331427,-83.045754
46,Riverside restaurant shooting,2016-02-28,0,1,3,4,Unknown,Some other race,Male,33.997197,-117.48548
47,"Woodbridge, Virginia",2016-02-27,0,2,2,4,Unknown,Black American or African American,Male,38.6697,-77.3524
48,"Belfair, Washington",2016-02-26,0,5,0,4,Unknown,White American or European American,Male,47.5033,-122.931
49,Excel Industries mass shooting,2016-02-25,0,3,14,17,Unclear,Black,Male,,
50,"Hesston, Kansas",2016-02-25,0,4,14,17,Unknown,Black American or African American,Male,38.1368,-97.4268
51,"Belfair, WA Family murder-suicide",2016-02-25,0,5,0,4,Unknown,White American or European American,Male,47.451459,-122.826946
52,Arizona Family Murder,2016-02-23,0,5,0,4,Unknown,White American or European American,Male,33.448377,-112.074037
53,Missouri Highway shooting,2016-02-21,0,1,3,4,Unknown,Black American or African American,Male,38.77144,-90.370949
54,Houston Drive-by,2016-02-21,0,0,5,5,Unknown,Unknown,Unknown,29.760427,-95.369803
55,Kalamazoo shooting spree,2016-02-20,0,6,2,8,Unclear,White,Male,,
56,"Iuka, Mississippi",2016-02-20,0,2,3,4,Unknown,White American or European American,Male,34.7404,-88.1383
57,Florida Hookah Bar Shooting,2016-02-20,0,1,3,4,Unknown,Unknown,Unknown,27.950575,-82.457178
58,Kalamazoo Uber Driver Spree Killing,2016-02-20,0,6,2,8,No,White American or European American,Male,42.291707,-85.587229
59,"Vallejo, CA car shooting",2016-02-19,0,2,2,4,Unknown,Unknown,Unknown,38.104086,-122.256637
60,Michigan school shooting,2016-02-09,0,0,3,3,Unknown,Black American or African American,Male,43.201126,-86.238946
61,"Orlando, Florida",2016-02-07,0,2,10,12,Unknown,Some other race,Male,28.4541,-81.4646
62,Nightclub fight turns into shootout,2016-02-07,0,1,7,8,Unknown,Unknown,Unknown,43.16103,-77.610922
63,"Tampa, FL Strip club shooting",2016-02-06,0,2,6,8,Unknown,Unknown,Unknown,27.950575,-82.457178
64,"Los Angeles, CA street shooting",2016-02-06,0,1,3,4,Unknown,Unknown,Unknown,34.052234,-118.243685
65,Texas teen commits family murder suicide,2016-02-06,19,4,0,3,Unknown,White American or European American,Male,29.209684,-99.786168
66,New Orleans gas station shoot-out,2016-01-31,0,0,3,3,Unknown,Black American or African American,Male,29.951066,-90.071532
67,"Glendale, AZ House Party shooting",2016-01-30,0,3,5,8,Unknown,Unknown,Male,33.538652,-112.185987
68,"Caroline County, VA Family Murder Suicide",2016-01-29,42,2,2,3,Unknown,Unknown,Male,38.044556,-77.286488
69,"Chesapeake, Virginia",2016-01-27,0,6,0,5,Yes,White American or European American,Male,36.7921,-76.3293
70,"Perris, CA Mexican restaurant shooting",2016-01-25,0,1,4,5,Unknown,Unknown,Male,33.782519,-117.228648
71,Florida family murder,2016-01-23,0,3,0,3,Unknown,White American or European American,Male,30.754181,-86.572799
72,Los Angeles Drive-by,2016-01-23,0,2,2,4,Unknown,Unknown,Unknown,34.052234,-118.243685
73,"Gloucester County, VA, House Party",2016-01-17,0,1,3,4,Unknown,Black American or African American,Male,37.40264,-76.458559
74,"Wilmington, DE robbery",2016-01-11,0,1,4,5,Unknown,Black American or African American,Male,39.739072,-75.539788
75,"Roadside in Memphis, Tennessee",2016-01-07,0,1,3,4,Unknown,Unknown,Unknown,35.149534,-90.04898
76,"Residence in Lakeland, Florida",2016-01-06,0,3,1,4,Unknown,Black American or African American,Male,28.039465,-81.949804
77,"Omaha, Nebraska",2015-12-06,0,2,3,5,Unknown,Black American or African American,Male,41.3138,-96.0814
78,San Bernardino mass shooting,2015-12-02,0,14,21,35,Unclear,Other,Male/Female,,
79,"San Bernardino, California",2015-12-02,0,16,21,35,Unknown,Asian American,Male/Female,34.13973446,-117.2942444
80,Planned Parenthood clinic,2015-11-27,57,3,9,12,Unclear,White,Male,,
81,"Columbus, Ohio",2015-11-23,0,4,1,4,Unknown,White American or European American,Male,39.98861445,-82.98904135
82,"Minneapolis, Minnesota",2015-11-23,0,0,5,5,Unknown,White American or European American,Male,44.96358722,-93.26783687
83,"Tennessee Colony, Texas",2015-11-15,0,6,0,6,Unknown,White American or European American,Male,31.8076,-95.8069
84,"Jacksonville, Florida",2015-11-13,0,4,1,4,Unknown,Black American or African American,Male,30.33216122,-81.67576993
85,"Waycross, GA",2015-11-07,0,1,2,3,Yes,Black American or African American,Male,31.21094544,-82.35793452
86,"Oakland, Maine",2015-11-04,0,4,0,3,Unknown,Unknown,Male,44.54994725,-69.70782299
87,Colorado Springs,2015-10-31,0,4,0,3,Unknown,White American or European American,Male,38.86730659,-104.7572279
88,"Colerain Township, Ohio",2015-10-21,0,2,1,3,Unknown,White American or European American,Male,39.253268,-84.599655
89,Northern Arizona University at Flagstaff Campus,2015-10-09,0,1,3,4,Unknown,White American or European American,Male,35.1725658,-111.6585435
90,Umpqua Community College,2015-10-01,0,10,7,16,Unknown,Two or more races,Male,43.22205555,-123.3522367
91,"Inglis, Florida",2015-10-01,57,3,1,3,Unknown,White American or European American,Male,29.03270634,-82.65919302
92,Hill Haven Event Center,2015-09-27,0,0,10,10,Unknown,Black American or African American,Male,33.02912644,-84.7143335
93,"Platte, South Dakota",2015-09-17,0,6,0,5,Unknown,White American or European American,Male,43.38682722,-98.84357239
94,"Clearbrook (Greenwood), Minnesota",2015-09-10,0,5,0,4,Yes,White American or European American,Male,47.69618799,-95.42844094
95,"Bristol, Tennessee",2015-08-29,0,3,1,4,Unknown,White American or European American,Male,36.55605824,-82.21429551
96,Virginia WDBJ live TV interview shooting,2015-08-26,0,3,1,3,Unknown,Black American or African American,Male,37.27823366,-79.95816104
97,Parking lot near Boys and Girls Club,2015-08-19,0,3,4,7,Unknown,Black American or African American,Male,43.1696837,-77.614337
98,"Houston, Texas",2015-08-08,0,8,0,8,Unknown,Black American or African American,Male,29.79705548,-95.36763856
99,"Grand 16 Theatre, Louisiana",2015-07-23,0,3,9,11,Yes,White American or European American,Male,30.21233538,-92.0316453
100,Suwanee,2015-07-22,0,4,1,4,Unknown,White American or European American,Male,34.05057545,-84.06872262
101,"Amnicola Training Center, Chattanooga",2015-07-16,0,5,3,7,Yes,White American or European American,Male,35.09318123,-85.23676751
102,River Forest,2015-07-12,0,2,3,4,Unknown,Unknown,Male,41.89499946,-87.81941392
103,Boom Boom Room,2015-06-20,0,0,4,4,Unknown,Black American or African American/Unknown,Male,34.86379864,-79.9996781
104,Charleston Church Shooting,2015-06-17,21,9,1,10,unknown,White,Male,32.788387,-79.933143
105,Miami Gardens,2015-06-16,0,0,4,4,Unknown,Black American or African American,Male,25.94326707,-80.24253243
106,Trestle Trail bridge shooting,2015-06-11,27,3,1,4,Yes,Latino,Male,,
107,Deer Lodge,2015-06-07,0,5,0,4,Unknown,White American or European American,Male,46.39761858,-112.7329333
108,Cleveland,2015-05-31,0,3,1,3,Unknown,Unknown,Male,41.47657557,-81.68051502
109,Conyers,2015-05-31,0,3,2,4,Unknown,White American or European American,Male,33.66086267,-84.02688527
110,Club Maxey,2015-05-25,0,1,4,5,Unknown,Black American or African American,Male,39.85566372,-88.93346458
111,Tucson,2015-05-12,0,5,0,4,Yes,Unknown,Male,32.15358905,-110.9677647
112,Annual motorcycle event in Newark,2015-05-10,0,1,3,4,Unknown,Black American or African American,Male,40.73169648,-74.18417699
113,Fox Cities Trestle Trail bridge over Little Lake Butte des Morts,2015-05-03,0,4,1,4,Yes,Unknown,Male,44.20455909,-88.4484585
114,Milwaukee,2015-05-01,0,2,3,5,No,Unknown,Male,43.06420322,-87.96724385
115,Gates Pub,2015-04-25,0,1,6,7,Unknown,Black American or African American,Male,43.15693027,-77.69300856
116,Killeen,2015-04-21,0,2,3,5,Unknown,Black American or African American,Male,31.07925506,-97.73392317
117,Phoenix,2015-04-16,0,5,0,4,Unknown,Some other race,Male,33.57145875,-112.0904854
118,Rome,2015-04-07,0,1,3,4,No,Black American or African American,Male,34.26779152,-85.18822422
119,Indianapolis,2015-04-05,0,0,5,5,No,Unknown,Male,39.77725479,-86.14635359
120,Daytona Beach,2015-04-03,0,0,4,4,No,Black American or African American,Male,29.19313443,-81.10173014
121,Tulsa,2015-03-30,0,4,0,3,Unknown,Asian American,Male,36.13543238,-95.91316117
122,Panama City Beach,2015-03-28,0,0,7,7,No,Black American or African American,Male,30.22540212,-85.87371301
123,Little Water,2015-03-19,0,2,2,3,Unknown,Unknown,Male,36.44329,-108.723281
124,Mesa,2015-03-18,0,1,5,6,No,White American or European American,Male,33.42268696,-111.8163202
125,Cottonwood,2015-03-15,0,3,1,3,No,White American or European American,Male,31.0549687,-85.30100084
126,Brookhaven,2015-03-13,0,2,3,5,Unknown,Black American or African American,Male,31.58036482,-90.44323475
127,Tarboro,2015-02-28,0,4,0,3,Yes,Black American or African American,Male,35.90434471,-77.55639964
128,Birminghams Washington Park,2015-02-27,0,1,2,3,No,Black American or African American,Male,33.5282865,-86.79550448
129,Tyrone,2015-02-26,0,8,1,8,No,White American or European American,Male,37.204442,-91.876583
130,Charlotte,2015-02-24,0,3,0,3,No,Some other race,Male,35.226354,-80.836788
131,Clarkesville,2015-02-22,0,3,2,4,No,White American or European American,Male,34.61025711,-83.52918091
132,Killeen,2015-02-22,0,4,1,4,No,Black American or African American,Male,31.07925506,-97.73392317
133,Chapel Hill,2015-02-10,0,3,0,3,No,White American or European American,Male,35.92681467,-79.03850407
134,Moon Lake,2015-02-09,0,3,1,4,No,White American or European American/Some other Race,Male/Female,28.24653304,-82.71690259
135,Monroeville Macys,2015-02-07,0,0,3,3,No,Black American or African American,Male,40.4257455,-79.76092565
136,Douglasville,2015-02-07,0,5,2,6,No,Black American or African American,Male,33.71059292,-84.71564276
137,"King, North Carolina",2015-02-04,0,4,0,3,Unknown,White American or European American,Male,36.27617912,-80.35501402
138,McAvan Pub,2015-02-01,0,0,6,6,No,Black American or African American,Male,43.04093416,-76.14376763
139,LaGrange,2015-01-28,0,5,0,5,No,White American or European American,Male,33.03607062,-85.0287065
140,Queens,2015-01-24,0,4,1,4,No,Black American or African American,Male,40.68996411,-73.8720502
141,Omaha,2015-01-24,0,3,5,8,No,Black American or African American,Male,41.265922,-96.05381421
142,Moscow,2015-01-10,0,3,1,4,No,Asian American,Male,46.73059479,-116.9990042
143,Memphis,2015-01-01,0,0,5,5,No,Black American or African American,Male,35.10528976,-89.97734924
144,"Pennsburg, Souderton, Lansdale, Harleysville",2014-12-15,0,7,1,7,Yes,White American or European American,Male,40.39359306,-75.49640881
145,Morgantown,2014-12-01,0,5,0,4,No,White American or European American,Male,39.63400851,-79.94839325
146,Florida State University,2014-11-19,0,1,3,3,Yes,Black American or African American,Male,30.4549394,-84.25264151
147,Marysville-Pilchuck High School,2014-10-24,0,5,1,5,No,Native American or Alaska Native,Male,48.04802409,-122.1359622
148,Albuquerque Auto Shop,2014-08-08,0,2,3,4,No,Some other race,Male,35.15290522,-106.7791378
149,Bourbon Street New Orleans,2014-06-29,0,1,9,10,No,Two or more races,Male,30.0687242,-89.93147412
150,Nellis Plaza,2014-06-08,0,5,0,3,No,White American or European American,Male/Female,36.18931923,-115.3264875
151,Seattle Pacific University,2014-06-05,26,1,2,3,Yes,Some other race,Male,47.62199575,-122.323646
152,Isla Vista mass murder,2014-05-23,22,6,13,19,Yes,White,Male,,
153,Kennesaw FedEx,2014-04-29,19,1,6,6,No,White American or European American,Male,34.02529674,-84.61766831
154,Fort Hood shooting 2,2014-04-03,34,3,12,15,Unclear,Latino,Male,,
155,Fort Hood,2014-04-02,34,4,16,19,Yes,Some other race,Male,31.07925506,-97.73392317
156,San Francisco Tenderloin,2014-03-23,0,0,8,8,No,Black American or African American,Male,37.75457839,-122.4424343
157,Cedarville Rancheria Tribe,2014-02-20,44,4,2,6,No,Native American or Alaska Native,Female,41.4911123,-120.549091
158,Centennial Hill Bar & Grill,2013-12-28,0,3,5,8,No,Black American or African American,Male,32.34729571,-86.26730242
159,Los Angeles International Airport (LAX),2013-11-01,23,1,3,4,No,White American or European American,Male,34.17622092,-118.5399542
160,Sparks Middle School,2013-10-21,12,2,2,3,Unknown,Some other race,Male,39.54058388,-119.748291
161,Washington Navy Yard,2013-09-16,34,13,3,15,Yes,Black American or African American,Male,38.90480894,-77.01629717
162,Oklahoma City Residence,2013-08-14,40,4,0,4,Yes,White American or European American,Male,35.46779189,-97.5191631
163,Homes in Desoto and Dallas,2013-08-07,44,4,4,8,Unknown,Black American or African American,Male,32.79480596,-96.76631094
164,Ross Township Supervisor Council Meeting,2013-08-05,59,3,3,6,No,White American or European American,Male,39.75344279,-79.08435956
165,Hialeah apartment shooting,2013-07-26,42,7,0,7,Unclear,Latino,Male,25.8670105,-80.29146268
166,Santa Monica College,2013-06-07,23,6,3,8,Yes,White American or European American,Male,34.02319149,-118.4815644
167,Village of Manchester in Illinois,2013-04-24,43,7,1,7,Unknown,White American or European American,Male,39.54231335,-90.33029852
168,Pinewood Village Apartments,2013-04-21,27,5,0,4,Unknown,Black American or African American,Male,47.30909721,-122.3357553
169,Mohawk and Herkimer Villages in New York,2013-03-13,64,5,2,6,No,White American or European American,Male,43.0104011,-75.0075119
170,"Ladera Ranch, Santa Ana, Tustin and Orange",2013-02-19,20,4,3,6,Yes,White American or European American,Male,33.54961059,-117.6415707
171,Los Angeles Police Department,2013-02-03,33,4,2,7,Yes,Black American or African American,Male,33.67803464,-117.773628
172,Phoenix Law Firm,2013-01-30,70,3,1,3,Unknown,White American or European American,Male,33.57145875,-112.0904854
173,South Valley Residence,2013-01-19,15,5,0,5,Yes,Some other race,Male,35.15290522,-106.7791378
174,Sandy Hook Elementary School,2012-12-14,20,28,2,29,Yes,White American or European American,Male,41.41190846,-73.31196267
175,Clackamas Town Center,2012-12-11,22,3,1,3,No,Some other race,Male,45.44853107,-122.5440133
176,Azana Spa in Brookfield,2012-10-21,45,4,4,7,No,Black American or African American,Male,43.06396691,-88.12299758
177,The Spot Nightclub,2012-09-28,0,0,15,15,Unknown,Black American or African American,Male,25.79653943,-80.20840397
178,Accent Signage Systems in Minneapolis,2012-09-27,36,7,2,8,Yes,White American or European American,Male,44.96358722,-93.26783687
179,Sikh Temple in Wisconsin,2012-08-05,40,7,4,10,No,White American or European American,Male,42.88027442,-87.90087079
180,Aurora theater shooting,2012-07-20,24,12,70,82,Yes,white,Male,39.709283,-104.823488
181,University Heights Apartments in Auburn,2012-06-09,22,3,3,6,Unknown,Black American or African American,Male,32.60598014,-85.48989253
182,Cafe in Seattle,2012-05-30,40,6,1,6,Yes,White American or European American,Male,47.62199575,-122.323646
183,Seattle cafe shooting,2012-05-20,40,6,1,7,Yes,white,Male,47.6038321,-122.3300624
184,"North Tulsa, Oklahoma",2012-04-06,19,3,2,5,No,White American or European American,Male,36.13543238,-95.91316117
185,Oikos University killings,2012-04-02,43,7,3,10,Yes,Asian,Male,37.8043808,-122.2708166
186,Chardon High School,2012-02-27,17,3,3,6,Yes,White American or European American,Male,41.58025541,-81.20812625
187,Su Jung Health Sauna shooting,2012-02-22,59,5,0,5,Yes,Asian,Male,33.9412127,-84.2135309
188,Ensley Birmingham,2012-01-29,0,5,0,5,No,Black American or African American,Male,33.5282865,-86.79550448
189,Salon Meritage,2011-10-12,41,8,1,9,Yes,White American or European American,Male,33.75432632,-118.0715378
190,IHOP shooting,2011-09-06,32,5,7,12,Yes,Latino,Male,39.1637984,-119.7674034
191,Residences in Grand Rapids,2011-07-07,34,8,2,9,Yes,Black American or African American,Male,42.96920434,-85.66008902
192,Southern Union State Community College,2011-04-06,34,1,3,4,Yes,White American or European American,Male,32.66240106,-85.37706931
193,Youngstown State University,2011-02-06,19,1,11,12,Unknown,Black American or African American,Male,41.09933958,-80.64631705
194,Tucson shooting,2011-01-08,22,6,13,19,Yes,white,Male,32.2217429,-110.926479
195,Hartford Beer Distributor shooting,2010-08-03,34,9,2,11,No,black,Male,41.7759324,-72.5214755
196,University of Alabama in Huntsville,2010-02-12,44,0,3,6,No,White American or European American,Female,34.72827538,-86.6723055
197,Coffee shop police killings,2009-11-29,37,4,1,5,Yes,black,Male,47.155846,-122.437031
198,Parkland Coffee Shop,2009-11-29,37,5,0,4,Yes,Black American or African American,Male,47.16267579,-122.5296574
199,Fort Hood Army Base,2009-11-05,39,13,32,45,Yes,White American or European American,Male,31.13814354,-97.77797804
200,Binghamton shootings,2009-04-03,41,14,4,18,Yes,Asian,Male,42.0986867,-75.9179738
201,Carthage nursing home shooting,2009-03-29,45,8,3,11,Yes,white,Male,35.345802,-79.4170543
202,"Rivermark, Santa Clara, California",2009-03-29,42,6,1,6,No,Asian American,Male,37.36463172,-121.9679315
203,Pinelake Health and Rehab nursing home,2009-03-29,45,8,2,10,Yes,White American or European American,Male,35.33985609,-79.41381725
204,"Geneva County, Alabama",2009-03-10,28,11,6,16,No,White American or European American,Male,31.04367594,-85.8763466
205,"Covina, California",2008-12-24,45,10,2,11,No,White American or European American,Male,34.09026669,-117.8819958
206,University of Central Arkansas,2008-10-26,20,0,1,3,No,Black American or African American,Male,35.08130744,-92.43278275
207,South Mountain Community College,2008-07-24,24,0,3,3,No,Black American or African American,Male,33.57145875,-112.0904854
208,Atlantis Plastics,2008-06-25,25,7,1,7,No,White American or European American,Male,37.84040411,-87.57853755
209,Northern Illinois University shooting,2008-02-14,27,5,21,26,Yes,white,Male,41.9294736,-88.7503647
210,Kirkwood City Hall,2008-02-07,52,6,2,7,No,Black American or African American,Male,38.57889169,-90.42023754
211,"Carnation, Washington",2007-12-24,29,6,0,6,No,White American or European American,Male/Female,47.64628742,-121.9088524
212,Mojave High School Bus,2007-12-11,18,0,6,6,No,Black American or African American,Male,36.18931923,-115.3264875
213,Youth With A Mission and New Life Church,2007-12-09,24,5,5,9,No,White American or European American,Male,39.81087474,-105.173715
214,Westroads Mall shooting,2007-12-05,19,9,4,13,Yes,white,Male,41.2587317,-95.9378732
215,South Middle School Football Game,2007-10-25,15,0,4,4,No,Black American or African American,Male,43.41929117,-83.95032759
216,SuccessTech Academy,2007-10-11,14,1,4,4,Yes,White American or European American,Male,41.47657557,-81.68051502
217,Crandon shooting,2007-10-07,20,6,1,7,Unclear,white,Male,45.5719072,-88.9028922
218,Virginia Tech massacre,2007-04-16,23,32,23,55,Yes,Asian,Male,37.2295733,-80.4139393
219,Springwater Trail High School,2007-04-10,15,0,10,10,No,Some other race,Male,45.50216511,-122.4412759
220,Trolley Square,2007-02-12,18,6,4,9,Unknown,White American or European American,Male,40.77787404,-111.9312168
221,Amish school shooting,2006-10-02,32,6,5,11,No,white,Male,39.9589,-76.0806
222,West Nickel Mines Amish School,2006-10-02,32,6,5,10,Unknown,White American or European American,Male,40.04214385,-76.30100872
223,Duquesne University,2006-09-17,18,0,5,5,Unknown,Black American or African American,Male,40.43948548,-79.97631581
224,Orange High School,2006-08-30,18,1,2,3,Yes,Some other race,Male,36.04099857,-79.09701201
225,Essex Elementary School,2006-08-24,26,2,2,4,Yes,Black American or African American,Male,44.49022039,-73.11400628
226,Capitol Hill massacre,2006-03-25,28,7,2,9,No,white,Male,47.6229,-122.3165
227,Goleta Post Office,2006-01-30,44,8,0,7,Yes,White American or European American,Female,34.43606107,-119.8593619
228,Red Lake High School,2005-03-21,16,10,5,14,Yes,Native American or Alaska Native,Male,47.87067289,-95.00529009
229,Living Church of God,2005-03-12,44,8,4,11,No,White American or European American,Male,43.06396691,-88.12299758
230,Tyler Courthouse,2005-02-24,43,3,4,6,Unknown,Some other race,Male,32.3154272,-95.30501087
231,Damageplan show at the Alrosa Villa Nightclub,2004-12-08,25,5,7,11,Yes,White American or European American,Male,39.98861445,-82.98904135
232,"Birchwood, Wisconsin",2004-11-21,36,6,2,8,No,Asian American,Male,45.65773714,-91.55077175
233,Windy City Core Supply Warehouse,2003-08-27,36,7,0,6,No,Some other race,Male,41.83928045,-87.68818145
234,Lockheed Martin shooting,2003-07-08,48,7,8,15,Yes,white,Male,32.376081,-88.68978002
235,Case Western Reserve University,2009-05-09,0,1,2,3,No,Asian American,Male,41.47657557,-81.68051502
236,University of Arizona College of Nursing,2002-10-28,41,4,0,3,No,Some other race,Male,32.15358905,-110.9677647
237,Appalachian School of Law,2002-01-16,43,3,3,6,No,Black American or African American,Male,37.27537712,-82.09877234
238,Santana High School,2001-03-05,15,2,13,15,No,White American or European American,Male,32.86357277,-117.1281628
239,Navistar International,2001-02-05,66,6,4,9,No,Black American or African American,Male,41.90289602,-87.8643021
240,Wakefield massacre,2000-12-26,42,7,0,7,Yes,white,Male,42.506484,-71.0728306
241,Radisson Bay Harbor Inn,1999-12-30,36,5,3,8,No,Some other race,Male,27.99601861,-82.44503769
242,Fort Gibson Middle School,1999-12-06,13,0,4,4,No,White American or European American,Male,35.77669911,-95.25996596
243,Xerox killings,1999-11-02,40,7,0,7,Yes,Asian,Male,21.3255125,-157.8473055
244,Wedgwood Baptist Church,1999-09-15,47,8,7,14,Yes,White American or European American,Male,32.74802142,-97.31305148
245,Offices of All-Tech Investment Group and Momentum Securities,1999-07-29,44,10,12,21,Yes,White American or European American,Male,33.7629969,-84.4231328
246,Heritage High School,1999-05-20,15,0,6,6,No,White American or European American,Male,33.66086267,-84.02688527
247,Columbine High School,1999-04-20,17,15,24,37,Yes,White American or European American,Male,39.59358263,-105.0152112
248,Riverside City Hall,1998-10-06,48,0,6,6,No,Black American or African American,Male,33.93814348,-117.3948409
249,Thurston High School,1998-05-21,15,4,25,29,Yes,White American or European American,Male,44.05489698,-123.0075562
250,Parker Middle School Dance,1998-04-24,14,1,3,4,Yes,White American or European American,Male,41.87617136,-80.12459632
251,Westside Middle School killings,1998-03-24,13,5,10,15,No,white,Male,35.8209895,-90.6682606
252,Connecticut State Lottery Headquarters,1998-03-06,35,5,0,4,Yes,White American or European American,Male,41.68700845,-72.73083927
253,Milwaukee Post Office,1997-12-19,37,2,2,3,No,Black American or African American,Male,43.06420322,-87.96724385
254,Caltrans Maintenance Yard,1997-12-18,41,5,2,6,No,Some other race,Male,33.78935598,-117.820412
255,Heath High School,1997-12-01,14,3,5,8,Yes,White American or European American,Male,37.08506,-88.74422
256,Pearl High School,1997-10-01,16,2,7,9,Yes,White American or European American,Male,32.27492783,-90.09470655
257,R.E. Phelon Company,1997-09-15,43,4,3,7,No,Black American or African American,Male,33.47524551,-81.72595949
258,Bethel Regional High School,1997-02-19,16,2,2,4,Yes,White American or European American,Male,60.79053882,-161.7927517
259,San Diego State University,1996-08-15,36,3,0,3,No,White American or European American,Male,32.86357277,-117.1281628
260,Fort Lauderdale revenge shooting,1996-09-02,41,6,1,7,Yes,black,Male,26.1223084,-80.1433786
261,Frontier Junior High School,1996-02-02,14,3,1,4,Yes,White American or European American,Male,47.12189424,-119.2750699
262,Richland High School,1995-11-15,17,2,1,3,Yes,White American or European American,Male,35.37810374,-87.00610559
263,Walter Rossler Company,1995-04-03,0,6,0,5,No,Unknown,Male,27.73907518,-97.43073352
264,Montclair Post Office,1995-03-21,29,4,1,5,No,White American or European American,Male,40.826184,-74.20862
265,Downtown Chapel Hill,1995-01-26,26,2,2,4,Yes,White American or European American,Male,35.92681467,-79.03850407
266,Massachusetts Abortion Clinic,1994-12-30,30,2,5,7,Yes,White American or European American,Male,42.32427392,-71.14080012
267,Wickliffe Middle School,1994-11-07,37,1,3,4,Yes,White American or European American,Male,41.60713735,-81.46902046
268,Fairchild Air Force Base Hospital,1994-06-20,20,5,23,27,Yes,White American or European American,Male,47.618456,-117.644099
269,"Residence in Union, Kentucky",1994-05-26,17,4,0,4,No,White American or European American,Male,38.95130818,-84.67066339
270,Chelsea High School,1993-12-16,16,1,2,3,Yes,White American or European American,Male,42.31319376,-84.01868108
271,Chuck E. Cheese in Aurora,1993-12-14,14,4,1,5,Yes,Black American or African American,Male,39.69892933,-104.7871863
272,Long Island Rail Road Commuter Train,1993-12-07,34,6,19,25,No,Black American or African American,Male,40.72662266,-73.644712
273,Central Middle School,1993-09-17,29,1,4,4,No,White American or European American,Male,44.79051074,-106.9599165
274,Luigis Restaurant in Fayetteville,1993-08-06,22,4,8,12,No,White American or European American,Male,35.07997086,-79.03796125
275,Weber State University,1993-07-08,28,1,3,3,No,Asian American,Male,41.2281367,-111.9675317
276,Offices of Pettit & Martin in San Francisco,1993-07-01,55,9,6,14,No,White American or European American,Male,37.75457839,-122.4424343
277,Dearborn Post Office,1993-05-06,45,2,2,3,Unknown,Unknown,Male,42.31269522,-83.21293244
278,Dana Point Post Office,1993-05-06,38,1,5,6,Yes,White American or European American,Male,33.47316083,-117.696399
279,Simons Rock College of Bard,1992-12-14,18,2,4,6,No,Asian American,Male,42.19358268,-73.36216339
280,Schuyler County Office Building,1992-10-15,50,5,0,4,No,White American or European American,Male,42.38013875,-76.86724659
281,Palo Duro High School,1992-09-11,17,0,6,6,Unknown,Unknown,Male,35.18322484,-101.8805688
282,Lindhurst High School,1992-05-01,20,4,10,14,Yes,White American or European American,Male,39.08174985,-121.5549539
283,Royal Oak Post Office,1991-11-14,31,5,5,9,Yes,White American or European American,Male,42.50840203,-83.15387427
284,University of Iowa,1991-11-01,28,6,1,6,No,Asian American,Male,41.65589405,-91.53117986
285,"Lubys Cafeteria in Killeen, Texas",1991-10-16,35,24,20,43,Yes,White American or European American,Male,31.07925506,-97.73392317
286,Ridgewood Post Office,1991-10-10,35,3,0,3,Yes,Black American or African American,Male,40.98213277,-74.11264731
287,Wat Promkunaram Buddhist Temple,1991-08-09,0,9,0,9,No,Asian American/Some other race,Male,33.57145875,-112.0904854
288,GMAC Loan Office,1990-06-17,42,12,6,17,No,Black American or African American,Male,30.33216122,-81.67576993
289,Standard Gravure Corporation,1989-09-14,47,9,12,20,Yes,White American or European American,Male,38.249432,-85.726243
290,Orange Glenn Post Office,1989-08-10,52,4,1,4,No,White American or European American,Male,33.13439925,-117.0722528
291,Cleveland Elementary School,1989-01-17,24,6,30,35,Yes,White American or European American,Male,37.96631812,-121.3018775
292,New Orleans Downtown Post Office,1988-12-14,39,0,4,4,Unknown,Unknown,Male,30.0687242,-89.93147412
293,Oakland Elementary School,1988-09-26,19,2,9,11,Yes,White American or European American,Male,34.1928952,-82.15355508
294,Comet Auto Parts and Montefiore School,1988-09-22,40,5,2,6,No,Black American or African American,Male,41.83928045,-87.68818145
295,Hubbard Woods Elementary School,1988-05-20,30,2,7,8,Yes,White American or European American,Female,42.10648807,-87.74211141
296,Electromagnetic Systems Laboratory (ESL),1988-02-16,39,7,4,11,Yes,White American or European American,Male,37.38344257,-122.0256185
297,Pinellas Park High School,1988-02-11,15,1,2,3,No,White American or European American,Male,27.84887061,-82.71058
298,Palm Bay Shopping Centers,1987-04-23,59,6,14,20,Yes,White American or European American,Male,27.98388983,-80.66662713
299,Fergus County High School,1986-12-04,14,1,3,4,Yes,White American or European American,Male,47.03740653,-109.4844918
300,"Post office in Edmond, Oklahoma",1986-08-20,44,15,6,20,Yes,White American or European American,Male,35.66889223,-97.41438792
301,New York Technical College,1986-08-12,29,1,4,5,Yes,Black American or African American,Male,40.679276,-73.939513
302,Atlanta Post Office,1985-03-06,30,2,1,3,Yes,Black American or African American,Male,33.7629969,-84.4231328
303,Goddard Junior High School,1985-01-21,14,1,3,4,Yes,White American or European American,Male,37.67129418,-97.55070476
304,McDonald restaurant in San Ysidro,1984-07-18,41,22,19,40,Yes,White American or European American,Male,32.555556,-117.047656
305,Ianni Club in Dallas,1984-06-29,39,6,1,7,Yes,White American or European American,Male,32.79480596,-96.76631094
306,49th Street Elementary School,1984-02-24,28,3,12,14,Yes,Black American or African American,Male,34.17622092,-118.5399542
307,Johnston Post Office,1983-08-19,55,1,3,4,Yes,White American or European American,Male,33.83272887,-81.8051584
308,Wah Mee Club in Seattle,1983-02-18,22,13,1,14,Unknown,Asian American,Male,47.62199575,-122.323646
309,Welding shop in Miami,1982-08-20,51,9,3,11,Yes,White American or European American,Male,25.79653943,-80.20840397
310,Valley High School,1982-03-19,17,1,2,3,Yes,White American or European American,Male,36.18931923,-115.3264875
311,University of South Carolina,1979-10-06,19,2,5,7,Unknown,Black American or African American,Male,34.05098834,-80.82077527
312,Grover Cleveland Elementary School,1979-01-29,16,2,9,11,Yes,White American or European American,Female,32.86357277,-117.1281628
313,Cal State Fullerton,1976-07-12,37,7,2,9,Yes,White American or European American,Male,33.88404244,-117.92785
314,Los Angeles Computer Learning Center,1976-02-19,18,1,7,8,Unknown,White American or European American,Male,34.17622092,-118.5399542
315,Olean High School,1974-12-30,17,3,7,10,No,White American or European American,Male,42.08185369,-78.43213922
316,Clara Barton Elementary School,1974-01-17,14,1,3,4,Yes,Unknown,Male,41.83928045,-87.68818145
317,New Orleans Police Shootings,1972-12-31,23,10,13,22,Yes,Black American or African American,Male,30.0687242,-89.93147412
318,St. Aloysius Church,1971-11-11,0,2,4,5,Yes,White American or European American,Male,47.67367375,-117.4159843
319,Rose-Mar College of Beauty,1966-11-12,18,5,1,6,Yes,White American or European American,Male,33.42268696,-111.8163202
320,University of Texas at Austin,1966-08-01,25,17,32,48,Yes,White American or European American,Male,30.1988873,-97.84415949
